{"cameraMode":{"drawMode":0,"name":"Shaded","section":"Shading Mode"},"sceneLighting":false,"audioPlay":false,"sceneViewState":{"m_AlwaysRefresh":false,"showFog":true,"showSkybox":false,"showFlares":true,"showImageEffects":true,"showParticleSystems":true,"showVisualEffectGraphs":true,"m_FxEnabled":true},"in2DMode":false,"pivot":{"x":0.009552713483572007,"y":-0.013590514659881592,"z":0.02439820021390915},"rotation":{"x":-0.10919327288866043,"y":0.1815120428800583,"z":-0.02048523724079132,"w":-0.9772560000419617},"size":0.21112781763076783,"orthographic":false}