{"cameraMode":{"drawMode":0,"name":"Shaded","section":"Shading Mode"},"sceneLighting":false,"audioPlay":false,"sceneViewState":{"m_AlwaysRefresh":false,"showFog":true,"showSkybox":false,"showFlares":true,"showImageEffects":true,"showParticleSystems":true,"showVisualEffectGraphs":true,"m_FxEnabled":true},"in2DMode":false,"pivot":{"x":-0.36672329902648928,"y":-0.06187720596790314,"z":-0.21647635102272035},"rotation":{"x":0.22193673253059388,"y":0.020476913079619409,"z":-0.004359547980129719,"w":0.974990725517273},"size":0.6133819222450256,"orthographic":false}