{"cameraMode":{"drawMode":0,"name":"Shaded","section":"Shading Mode"},"sceneLighting":false,"audioPlay":false,"sceneViewState":{"m_AlwaysRefresh":false,"showFog":true,"showSkybox":false,"showFlares":true,"showImageEffects":true,"showParticleSystems":true,"showVisualEffectGraphs":true,"m_FxEnabled":true},"in2DMode":false,"pivot":{"x":0.5300344228744507,"y":0.033093761652708057,"z":-0.043155815452337268},"rotation":{"x":0.11552750319242478,"y":-0.023856695741415025,"z":0.003062974428758025,"w":0.9931596517562866},"size":0.8817835450172424,"orthographic":false}