{"cameraMode":{"drawMode":0,"name":"Shaded","section":"Shading Mode"},"sceneLighting":true,"audioPlay":false,"sceneViewState":{"m_AlwaysRefresh":false,"showFog":true,"showSkybox":true,"showFlares":true,"showImageEffects":true,"showParticleSystems":true,"showVisualEffectGraphs":true,"m_FxEnabled":true},"in2DMode":false,"pivot":{"x":-0.13964661955833436,"y":-4.247054100036621,"z":-9.985747337341309},"rotation":{"x":-0.0019561066292226316,"y":0.974353015422821,"z":-0.22486194968223573,"w":-0.00847658421844244},"size":6.647504806518555,"orthographic":false}